{
  "zero_shot": {
    "ET": 0.5833403741639017,
    "TC": 0.580067919692386,
    "WT": 0.4962025410005865,
    "mean": 0.553203611618958
  },
  "K5_head_only": {
    "ET": 0.5827706456586398,
    "TC": 0.5855863271575057,
    "WT": 0.5387031448335456,
    "mean": 0.5690200392165637,
    "ft_time": 1585.788381099701
  },
  "K5_head+up3": {
    "ET": 0.6265514889080499,
    "TC": 0.6231325911742663,
    "WT": 0.6064307297074105,
    "mean": 0.6187049365965755,
    "ft_time": 2108.0220234394073
  },
  "K5_full_decoder": {
    "ET": 0.624223850465049,
    "TC": 0.6258372263784766,
    "WT": 0.6078880276534054,
    "mean": 0.6193163681656436,
    "ft_time": 1252.997258424759
  },
  "K10_head_only": {
    "ET": 0.5658976534317431,
    "TC": 0.5618421561435061,
    "WT": 0.5286047759403503,
    "mean": 0.5521148618385332,
    "ft_time": 2834.3304917812347
  },
  "K10_head+up3": {
    "ET": 0.6105266908748501,
    "TC": 0.6059554061146898,
    "WT": 0.5943621047346996,
    "mean": 0.6036147339080798,
    "ft_time": 3362.3366804122925
  },
  "K10_full_decoder": {
    "ET": 0.6516867057749589,
    "TC": 0.6410718541800413,
    "WT": 0.5998323652046109,
    "mean": 0.6308636417198703,
    "ft_time": 1882.7559466362
  },
  "K20_head_only": {
    "ET": 0.5735347762452073,
    "TC": 0.5781561600752958,
    "WT": 0.5593836400275805,
    "mean": 0.5703581921160279,
    "ft_time": 4474.786753416061
  },
  "K20_head+up3": {
    "ET": 0.6474632445154191,
    "TC": 0.6471513855717842,
    "WT": 0.6270655564269325,
    "mean": 0.6405600621713785,
    "ft_time": 6862.057729482651
  },
  "K20_full_decoder": {
    "ET": 0.640937464350429,
    "TC": 0.6324872938967288,
    "WT": 0.6140502892097305,
    "mean": 0.629158349152296,
    "ft_time": 3924.9517183303833
  },
  "K50_head_only": {
    "ET": 0.6235544728762793,
    "TC": 0.6230678790777797,
    "WT": 0.6031522897668249,
    "mean": 0.6165915472402946,
    "ft_time": 11768.58677148819
  },
  "K50_head+up3": {
    "ET": 0.6569549004925355,
    "TC": 0.654747137340137,
    "WT": 0.6373540160871547,
    "mean": 0.6496853513066091,
    "ft_time": 17384.026700496674
  },
  "K50_full_decoder": {
    "ET": 0.6704138426284425,
    "TC": 0.6598262626979412,
    "WT": 0.6463632339966098,
    "mean": 0.6588677797743311,
    "ft_time": 9522.74876499176
  }
}