{
  "zero_shot": {
    "ET": 0.5833403741639017,
    "TC": 0.580067919692386,
    "WT": 0.4962025410005865,
    "mean": 0.553203611618958
  },
  "proto_K1": {
    "avg": {
      "ET": 0.13611263610755817,
      "TC": 0.13652724378355235,
      "WT": 0.14535307412446355,
      "mean": 0.139330984671858
    },
    "std": {
      "ET": 0.05577863054166513,
      "TC": 0.03759298202644087,
      "WT": 0.006379865648729785,
      "mean": 0.027761349340411582
    }
  },
  "proto_K3": {
    "avg": {
      "ET": 0.1551178746020437,
      "TC": 0.12323685910610209,
      "WT": 0.13293483063535214,
      "mean": 0.13709652144783266
    },
    "std": {
      "ET": 0.032219279001106015,
      "TC": 0.04688838960913423,
      "WT": 0.02389455216032101,
      "mean": 0.015973830950213926
    }
  },
  "proto_K5": {
    "avg": {
      "ET": 0.16299926570653614,
      "TC": 0.13533514888832054,
      "WT": 0.1392312390213247,
      "mean": 0.14585521787206046
    },
    "std": {
      "ET": 0.040008167684751246,
      "TC": 0.022387620849924548,
      "WT": 0.0058335285022323895,
      "mean": 0.006774133802025913
    }
  }
}