{
  "K1_decoder": {
    "avg": {
      "ET": 0.5522998560623861,
      "TC": 0.5497078528807449,
      "WT": 0.5067373863590191,
      "mean": 0.5362483651007167
    },
    "std": {
      "ET": 0.01868855815943772,
      "TC": 0.016372017651564316,
      "WT": 0.022726383854912116,
      "mean": 0.015057277329948795
    }
  },
  "K1_proto": {
    "avg": {
      "ET": 0.14422765861499806,
      "TC": 0.13246880897950528,
      "WT": 0.10055256899237884,
      "mean": 0.12574967886229405
    },
    "std": {
      "ET": 0.057671855204385024,
      "TC": 0.011975898644256711,
      "WT": 0.010689355496834273,
      "mean": 0.01965174218173163
    }
  },
  "K1_fused": {
    "avg": {
      "ET": 0.4725897577293079,
      "TC": 0.4690635979896573,
      "WT": 0.3588822447096846,
      "mean": 0.4335118668095499
    },
    "std": {
      "ET": 0.013824051311422031,
      "TC": 0.011742910146921961,
      "WT": 0.009888057954957745,
      "mean": 0.008574935296507156
    }
  },
  "K3_decoder": {
    "avg": {
      "ET": 0.5506019496078199,
      "TC": 0.5522150608151405,
      "WT": 0.5353628073683233,
      "mean": 0.5460599392637612
    },
    "std": {
      "ET": 0.025930862484742707,
      "TC": 0.024666457181146042,
      "WT": 0.022845493574483785,
      "mean": 0.024095172787725265
    }
  },
  "K3_proto": {
    "avg": {
      "ET": 0.183206837637701,
      "TC": 0.1115298537026043,
      "WT": 0.10334321853821506,
      "mean": 0.13269330329284013
    },
    "std": {
      "ET": 0.07554836739005763,
      "TC": 0.01312286084802823,
      "WT": 0.0032603544114061965,
      "mean": 0.021842487330449092
    }
  },
  "K3_fused": {
    "avg": {
      "ET": 0.48060394265774287,
      "TC": 0.48095962861289165,
      "WT": 0.39643288595358417,
      "mean": 0.45266548574140625
    },
    "std": {
      "ET": 0.024560920358789116,
      "TC": 0.02332948302529409,
      "WT": 0.02147473200429167,
      "mean": 0.02137727038040444
    }
  },
  "K5_decoder": {
    "avg": {
      "ET": 0.5601500798921736,
      "TC": 0.561278785824491,
      "WT": 0.5346074640252806,
      "mean": 0.5520121099139818
    },
    "std": {
      "ET": 0.004989705595567378,
      "TC": 0.003357619199176563,
      "WT": 0.00723512134134793,
      "mean": 0.005105928576254241
    }
  },
  "K5_proto": {
    "avg": {
      "ET": 0.182767192526064,
      "TC": 0.12071492841393583,
      "WT": 0.09908995754510576,
      "mean": 0.1341906928283685
    },
    "std": {
      "ET": 0.0701570995350338,
      "TC": 0.002542039006571753,
      "WT": 0.004955902406175963,
      "mean": 0.02401468973359469
    }
  },
  "K5_fused": {
    "avg": {
      "ET": 0.4625872865926346,
      "TC": 0.46365994800571847,
      "WT": 0.37462271913872475,
      "mean": 0.43362331791235925
    },
    "std": {
      "ET": 0.017526069268515566,
      "TC": 0.017176339932375495,
      "WT": 0.014428642371843058,
      "mean": 0.016317785192289203
    }
  }
}